{"cameraMode":{"drawMode":0,"name":"Shaded","section":"Shading Mode"},"sceneLighting":true,"audioPlay":false,"sceneViewState":{"showFog":true,"showMaterialUpdate":false,"showSkybox":true,"showFlares":true,"showImageEffects":true,"showParticleSystems":true},"in2DMode":false,"pivot":{"x":-1.0014934539794922,"y":0.33056068420410159,"z":-0.26979684829711916},"rotation":{"x":-0.08910316973924637,"y":0.7012646794319153,"z":-0.08905117958784104,"w":-0.7016862630844116},"size":8.082551002502442,"orthographic":false}